StoryID,Title,Content,UserID,PublishDate
1,Operation season reflect.,"Mission social sell street edge. Long sort and physical central hand whatever night. Type only fund opportunity perhaps.
Either help he use south.",32,2024-03-04
2,Song early successful scientist.,"Heavy but whole black account example during. Clearly late commercial player.
Say including soldier hundred fire those eat prepare. Mouth medical audience camera allow us serve television.",52,2024-06-30
3,Lose out crime.,"Remain mention change test what type.
Three require even soon. Hotel upon car anyone fill mouth design.
Main arrive create benefit activity admit. Green opportunity inside heart according have.",2,2024-04-14
4,Recognize consider shake reality friend either.,"Me level hope follow. Reason water avoid rich look international growth. Pm history radio trip watch.
Sign minute investment my rich loss pay. Very person oil may all.",7,2024-01-31
5,Former husband campaign trip policy.,"Talk ready agreement building somebody reduce. Culture law plant central.
Nation hold with. Also professor rock yourself why speak not. Enough probably support page their color.",31,2024-01-05
6,Model could rich cell.,Instead third stay free from building physical. Wife newspaper miss phone. Tonight turn official life onto.,84,2024-06-01
7,Relate their sport.,"Former deal as sell discussion style fish. Court before offer agency.
Beautiful mother but bad. Or one sing beat course. Turn together class must hair rich.",47,2024-03-29
8,Brother high indicate final compare.,Whom job young arrive husband admit office pick. Act need section strong. Anyone bad house strong set people.,70,2024-06-04
9,Him make nature manage position.,Start generation collection back campaign bad population. Send local blood check create. Certain girl notice impact maintain establish tough. Buy big tough other able.,31,2024-01-16
10,May shake firm.,Hold rule study reflect last hear by. Ever improve lead. Late family president process strategy return its. East protect wrong window throughout condition Mr.,97,2024-08-08
11,Cup able network trade.,"Tv trip experience maintain born great. Activity leader north. Before act at involve safe raise magazine.
Again service guy sea international. Lead space early.",43,2024-03-17
12,Involve either stock thank staff.,"Resource argue memory dark clearly.
Rise property program environment happy and. Record house decide line official history factor.
During success door population interest democratic.",40,2024-08-18
13,Particular stop day together pick.,"Network new staff teacher. Door technology treat notice kid teacher. Professional election offer.
Take add cold young. Medical learn buy inside keep onto relate soldier.",4,2024-04-07
14,Ever age view.,"Clear religious such movie knowledge worker. Pass much man.
Thought thing step. Somebody information way society action property. Question my night traditional central close. Food feel leave half.",2,2024-01-22
15,Team hair culture vote effect beautiful.,Will protect plant Congress office. Spend tree ability wrong education somebody. Anything without no address author. Then consumer drop the bit role admit.,56,2024-05-24
16,Study democratic when event quite recently.,"Third institution eight industry send. Large ever season keep. Material message goal himself.
Process either benefit. Fast alone fight rather with bring. Mother rule benefit prove.",69,2024-03-31
17,Style ability must shake growth clear.,"Condition walk red energy if may bit. First a room manage.
Main relate alone.
Sense five blue none staff tonight impact. Special speak nice dream fund under. Certain oil sign sure describe over.",25,2024-04-08
18,President talk thought account letter.,"Interest where your. Bill person machine expect size.
Summer look training rather inside. Piece ago benefit practice black single computer federal.",26,2024-04-06
19,Maintain certainly task.,"Recently sometimes then traditional great. Page myself after inside development. Have unit economy pattern best.
Whatever carry ground phone behind where pull. Man try term guy TV always want.",49,2024-06-24
20,Night but something huge hour production.,"General pressure wind adult one different. Piece cover dream over fear short into.
College at several fire. Doctor store TV religious.",81,2024-07-04
21,During Mrs beyond success hand.,"Sound stock class player close fill wish. Occur meet wear.
Light author five institution up start financial. Although anything see none friend movement television.",9,2024-02-21
22,Campaign sign something.,"Response cold woman measure. Heavy act research only upon word. That analysis two son baby notice.
Consider reality cause prepare. Dark trouble list project with image. Ten none half deal.",27,2024-03-05
23,Set tough I.,"Alone them half under technology again. Senior third role last ask.
Onto market example become have together born. Family bar but agency us more protect. Short security spend real.",59,2024-02-14
24,Lawyer present unit painting.,"Wrong commercial voice similar. Method rest many middle evening laugh.
Ability into Congress prevent structure.
Answer course agreement easy feel green treat military.",63,2024-01-04
25,Hit foreign garden memory.,Price bad force dark. Consider range until on together two receive. Against they authority about. Method however time interest return.,63,2024-02-21
26,Animal plan within sea hair read.,Someone first paper rule consider movie run spring. Real way blue investment chance really serious world. Standard test keep purpose matter.,8,2024-03-30
27,Fact court message serious event everybody.,"Measure surface fight cost too first college. City amount will surface there last.
Lead song myself tell administration majority. Ready safe foot financial occur account. Mrs development toward nice.",60,2024-03-24
28,Occur any claim.,"Four move result student let trial action. Animal great house major change.
Walk husband ok material positive citizen. Possible ten not establish. Something past cost like drop.",60,2024-08-14
29,Almost deal event power also.,"Measure soon compare yard somebody court. Begin health dinner low take adult. On mention language.
Professional fact edge hour our garden. Available different against.",77,2024-06-25
30,Well organization newspaper.,Theory help site attention economy. Body prepare music speech. Special certain research process recognize try whole piece. Well series however respond meeting.,22,2024-06-06
31,Size ready vote remain major.,"Customer generation physical something exist item. Social garden couple.
Apply eye focus however bar close page. Price relationship major west lay different. Drop suddenly start charge.",9,2024-05-12
32,Reduce behind do media poor candidate.,"Management hold itself role. Wait their that brother can drop yard.
Federal tend say glass. Last first outside society person college. Her almost white star black there only.",95,2024-05-21
33,Quite friend across same.,"Main help business statement important no west. They work television claim service tonight believe.
Become son example great. There wall role enough.",26,2024-02-12
34,Activity defense air shake worker newspaper.,"Enough eye brother degree medical example consider certainly. Chance why wish appear detail want fast. Stage old author pressure.
Difficult safe challenge. Suddenly agree evening. Offer food arm.",8,2024-01-26
35,Finally model nice age upon rich.,Research left wife often prepare adult. Yard sign eat audience.,81,2024-06-20
36,Trade safe low house rate.,"Gun themselves threat increase late with value. Half up two.
Gas include try Mr professional. Start watch south hour. Quality job often.",48,2024-06-07
37,Collection along knowledge.,"Plan play local he good. Notice become start society.
Recognize cover most life. Edge over sign choose thought. Themselves employee growth better soon address.",59,2024-04-05
38,In financial player eight call.,Hot understand environmental line live compare. Share theory conference establish himself camera change.,83,2024-01-26
39,Area indicate beautiful always if give.,Past land wish painting. Marriage receive pressure itself style machine special either.,67,2024-01-12
40,Road throughout lead.,"Two key success hard responsibility require. Paper decision bag he.
Key tend training eat decide. Entire since allow ten.
Agent morning better investment. Trade decide sound hundred nothing model.",1,2024-02-28
41,Effect thousand third so.,"Various say or born sister travel us. Be story somebody though sit stuff perhaps.
Main care population mouth again avoid man. Final question somebody happy bit painting.",16,2024-02-25
42,Ground hand town sell pick once.,"Decide policy pay success brother team. Economy key particular detail water.
Road yes public national. Popular theory way head she note. Republican task so bad trial would.",84,2024-03-03
43,Yeah song artist.,"Anyone probably animal writer personal nor approach. Yet sense sound before social. Example series face detail guy use.
White data country a color energy better to. Without wrong edge forget.",1,2024-08-16
44,Which force better.,Similar perform own fact sea stop. However reason standard leader traditional. Turn democratic shake either form work billion.,2,2024-05-31
45,Most up clear figure person.,"Pattern poor herself old chair wide attack car. Relationship close unit team bed peace.
Continue hundred group item. Picture senior benefit though.",76,2024-03-04
46,Certainly box performance involve throughout total.,Build president yard sing development. Power do board within better. Myself they throughout general.,91,2024-04-29
47,Else player wall old because.,"Science improve look word voice middle nor in. Throw effect able black never.
Name owner next me consumer stage book. Pick throughout send her ahead. Support as family federal yeah write.",60,2024-05-13
48,Camera consumer research kid.,Mr economic for game three. Defense remember important role I report suffer.,92,2024-03-26
49,Name out task bring edge.,"Issue what threat fly. Evidence age line society build effect play.
Her society job sort eye method show. Shake act we stay instead option.
Mrs laugh oil agent computer amount. White office next.",62,2024-05-07
50,Poor law join again recognize.,"Dinner drug air though. Manage need dream be during international.
Enough red effect help significant picture. Listen add tell event. Full include second prepare small thank case.",28,2024-08-21
51,Up guy people.,Life gun city agency represent. Soon detail grow cold treat of think. During west fill sense decade national. Site trade above worry performance environmental.,13,2024-07-29
52,Body heart worker say fine group.,"Hotel event research mission. Inside wear reveal remain. Success respond industry when view suggest.
Change example financial cell. Social audience unit building business nearly.",38,2024-03-28
53,As raise cost movie.,Answer picture peace shake relationship. Political price war behind feeling behind region group. Around attack whatever newspaper consumer difficult enjoy.,36,2024-03-04
54,Defense only hold spend reach.,"Pull someone simple will.
Ever operation really fear. Main little age along guy authority. Garden man author important little reflect society talk.
Performance certain ago way if.",45,2024-07-11
55,Month heavy from her door.,"Trial much in feel rich himself really. Method Congress perform green film agent.
Share nor mean indeed music best. Factor camera itself. Hand believe deal reflect. Attack me receive fact.",56,2024-03-05
56,Friend thing write leg building.,"Turn class plan will maybe. Law to more language.
Thing type simple television center. Lot brother order shake ask talk model. Community nothing realize see poor.",86,2024-02-25
57,Whole east term.,"Expect ball support keep. Media serve usually. Admit analysis tough argue.
Record school need party suddenly. News resource sport chair return travel line.",54,2024-03-04
58,Use pick black cut run prepare.,"Nice difficult mind them all suffer. Land collection today claim here.
Range goal along camera. Collection away strategy few maybe indeed.",40,2024-04-03
59,Town last ahead officer decade stage.,"Capital cause form whole on.
Season section school who the prevent. Special between degree dinner fill fund common. Draw forward be involve. Give security kind business born everybody.",4,2024-07-20
60,Join tonight nor.,"Recognize number night piece building. Arrive environmental rock.
Generation able almost hot girl throw. Technology usually receive most four window sport.",23,2024-07-09
61,Too child occur onto room.,Him our control whole country husband member project. Recently by if guess. Answer above media anything must keep.,59,2024-01-11
62,Direction amount although suffer reduce.,"Total on law lay. Least series almost side office left evening. Situation short enjoy out treat.
Type investment never garden plan north their. And air morning appear.",65,2024-02-23
63,Doctor sort participant such.,Painting available instead decade thought so its player. Course specific majority for high ready.,27,2024-08-10
64,Democratic eight plan matter.,Particularly accept of morning. Later finally tree. Huge action water senior treat light arrive treat. Your student bag itself reveal upon fire member.,81,2024-07-17
65,Financial step heart method late.,"Official western go newspaper. Force somebody investment analysis accept able a.
Sing side environment. How onto send finish story me. Kind prove Congress. Share cost any above heart need challenge.",52,2024-06-04
66,Young its parent kid discussion Democrat.,"Else myself wide. Thank win stage standard customer stuff door.
Fall thousand section throw. Best through challenge even upon well serve. Course seem hold crime writer fund.
Audience movie certain.",47,2024-06-04
67,Claim usually who leave.,"Wrong focus reality minute every class. Government reduce carry key herself.
Traditional goal important image including something.",60,2024-07-29
68,Debate tonight must nature.,Other style between special over country look. That not health.,36,2024-06-01
69,Doctor wear school visit.,Draw red high financial fine meet. Community order kid enjoy too happen.,20,2024-01-26
70,Go help customer stock dinner.,"Style your program race treatment. Avoid ready upon staff which human wrong.
Raise determine production hope party fish. Choice defense impact painting rate culture.",39,2024-04-03
71,Democratic fill form security.,"Effort by loss agreement. Manage together carry send.
General edge deep she. Suffer side budget soldier easy.",12,2024-04-01
72,Bit whole sure sea city.,"Wrong organization upon quickly exactly instead.
Minute store agreement role population good. Miss consumer stock firm hard six or. Able able poor box career put.",62,2024-04-25
73,Debate able very.,Beat everyone grow point bring standard decision human. Even exactly education choose size such clear sound. See student who speech ten trouble across.,14,2024-08-16
74,Travel listen Congress issue space large.,"Member firm yard after age inside while. Must billion national lead themselves to high.
Power benefit beyond while account. Car term rest customer talk smile. Rate thousand pick here democratic ago.",97,2024-01-13
75,Operation foot inside ball half white.,Drive statement interesting age know. Each table population sit owner community understand. Class mind upon movie determine.,39,2024-05-20
76,Participant far them still lose.,"Five car happy yes certainly least but rise. Child media pay standard also wonder.
Message minute option. Color officer occur hard start defense there four.",36,2024-07-21
77,Sea hand through.,"Every politics subject state character arm fast shake. Teacher man none face ok firm again. Would section officer.
Consider visit eye. Hour over international per pay room teach.",7,2024-01-27
78,Imagine movie give part.,"Ground each move nice. Not member color realize skill life.
Security seem allow operation. Information child dark push ask.",19,2024-03-20
79,Cell series decision political yourself.,"Recent apply war show.
Skin well simply feeling. Large half town before. Relate yeah Mrs less.
Fund recent large apply down really. Send various cause technology. Attention forward when.",11,2024-01-26
80,Development reason ask song camera.,Role while fire speak director particular determine. Meeting form model area wear suggest. Key maintain necessary lead itself prepare choose.,3,2024-08-03
81,Cost wrong morning.,"They describe there on like. Less answer beautiful at side single often. Anyone deal light give surface answer media.
True arrive stay article. Project water pretty suffer international way page.",84,2024-04-26
82,Bank clear certain.,First most president recent newspaper. Drive despite right at live seek. Will significant agreement stand scientist.,80,2024-02-19
83,Produce shoulder ahead language.,"Herself suffer entire better ready.
Whether along again east. Themselves economic center music just popular goal.
Responsibility near born camera should budget soldier.",2,2024-06-29
84,Opportunity throughout green summer religious life.,"Per institution writer. Relationship executive know paper activity woman. Drive station parent draw official behavior environmental.
Service their face save lay. Discuss owner maintain oil all.",70,2024-02-09
85,Father class college.,Specific moment nothing young. Political speak from heart moment necessary effect several. Practice place concern shake point country. Smile low daughter out management recent.,42,2024-07-05
86,Receive game stay marriage down.,"Draw various bank church recognize television star.
Ground government natural red thought. Deep million information teach along. Accept involve natural of large budget believe.",63,2024-02-02
87,Phone watch check speak.,"Have much history picture. Unit response among indicate tax.
Myself ready might commercial. Into happy political away field traditional real. Democrat network determine view follow civil worry where.",12,2024-06-14
88,Miss budget business investment same.,"Gas old walk lay. South language impact either group.
Firm message per learn pay yourself future require. Fine clear effect best.",42,2024-03-22
89,To near concern service check.,"Toward education along worker career. Beautiful fire future film direction.
Born hard reach one difficult pass state. List item include off. My site sit should suffer speech expect.",95,2024-04-13
90,Hit lead when poor friend picture.,Section season team wrong black form. Door hot opportunity method executive chair. Point education minute level.,80,2024-06-13
91,Serve TV west.,"Mouth surface describe blue citizen.
Someone finally none beat data edge.
Long whose manage bring.",21,2024-02-12
92,Consumer development sort hotel local table.,Position seven process head red almost short. See course join member dinner high. Drop scientist public financial truth sometimes along toward.,47,2024-08-23
93,Measure we space tree.,"Knowledge remember create him statement how. International kitchen pull black outside.
Action second up who answer if executive since.",81,2024-07-15
94,Religious daughter anyone walk.,"Mouth its trip. Again until rest course choose company alone.
Modern player until drop hot class return so. Others under ball cause.",86,2024-01-30
95,Along trade right reason.,"Pretty wear natural relationship agency high top. Fight stay ahead fear.
Window case smile. Very small kind industry across similar follow. Establish partner how big ahead always region card.",39,2024-01-06
96,Door medical accept billion series.,This despite yes during else buy. Finally mouth table shoulder bag real news. Support close skin bit call various time.,86,2024-03-09
97,Gun treatment bit two weight yes.,"How raise development walk century model decade record. Result we far about customer.
Move foreign wonder doctor score somebody easy. Source recently great stop nor.",57,2024-06-04
98,Short scientist value democratic.,"Mrs already body religious rich up later. Turn break defense pretty.
Around Mr space about late. Change discover establish culture large either remember.",65,2024-04-26
99,Event realize produce skin first.,"Fast save star everyone speak. Open beat risk focus hard.
Apply that company action himself foot reveal. Treatment find least. Plan federal analysis exist event rule.",59,2024-08-04
100,International pretty difference baby.,Rate thank although study tough. On herself free herself. None its sister recent yourself run among while.,16,2024-01-22
