UserID,Name,Email,Country
1,Eric Wu,allenrichmond@baldwin-tucker.com,Sudan
2,Daniel Burnett,kholden@gmail.com,Chile
3,Mr. Robert Stewart Jr.,martha96@yahoo.com,Venezuela
4,Robin Miller,william75@hotmail.com,Colombia
5,Michele Horton,karen75@gmail.com,Georgia
6,Jennifer Thomas,shannon33@trujillo-moore.net,Hong Kong
7,Madeline Johnson,cbryant@morgan.com,Aruba
8,Mark Parks,mcook@thomas.com,Romania
9,Dustin Farmer,wroy@gmail.com,Korea
10,Susan Thomas,kayla83@yahoo.com,Honduras
11,Brittany Bailey,scottmichael@doyle-barnes.biz,New Zealand
12,Carrie Chan,jason12@dyer.biz,Venezuela
13,Kimberly Sullivan,dawsonamy@yahoo.com,Romania
14,Chelsea Day,gevans@yahoo.com,Latvia
15,Brooke Chen,sullivanhannah@cox.com,Italy
16,Donna Davidson,ryanthomas@welch.biz,Burundi
17,Melissa Booker,catherineorr@reeves-davis.org,Korea
18,Randall Ortiz,tcrane@brooks.com,Greece
19,Madeline Johnson,erinjohnson@crawford-schneider.com,Finland
20,Toni Brooks,hugheskimberly@hotmail.com,Costa Rica
21,Crystal Gutierrez,xmartin@erickson.info,Christmas Island
22,Tamara Whitehead,zchapman@yahoo.com,Austria
23,Samantha Wilson,myerschristopher@yahoo.com,Belgium
24,Michael Vazquez,castrokristina@gmail.com,Guinea-Bissau
25,Christine Watkins,zjones@solomon-conley.com,Afghanistan
26,Derek Stokes,ryanellis@gmail.com,Belize
27,Kelly Allen,mpeters@yahoo.com,Fiji
28,Yvonne Lewis,leemichael@gmail.com,Bahrain
29,Paul Bradley,josevillarreal@hotmail.com,Pakistan
30,Haley Coleman,cynthiacarter@miller-hale.com,Ukraine
31,Jennifer Moore,ayaladawn@yahoo.com,Macedonia
32,Robert Holland,christina78@ho.com,British Virgin Islands
33,Eric Collins,amanda26@yahoo.com,Heard Island and McDonald Islands
34,Mark Malone,stephanieward@porter-morris.biz,Panama
35,Chad Miranda,stevestewart@murphy.org,Saint Kitts and Nevis
36,Ariana Miles,dreynolds@gmail.com,Tanzania
37,Tammy Carney,chad78@gmail.com,Norway
38,Megan Smith,ncase@gonzales-romero.com,Indonesia
39,Mark Lane,richard79@hotmail.com,Guernsey
40,Chad Hansen,ustephens@gmail.com,Georgia
41,Elizabeth Wright,austinbaker@oliver-bradshaw.com,United States Virgin Islands
42,Jessica Maddox,gordonjoshua@mccullough-barnes.com,Cocos (Keeling) Islands
43,Jacqueline Brown,david69@vega.info,Marshall Islands
44,Richard Pace,evansteresa@gmail.com,France
45,Casey Strickland,ericpatterson@gmail.com,Belarus
46,Michael Carter,olee@yahoo.com,Zimbabwe
47,Ryan West,pettyashley@yahoo.com,Paraguay
48,Nicole Anderson,dsmith@yahoo.com,Mauritius
49,James Wright,scottsmith@hotmail.com,Tokelau
50,Jonathan Rodriguez,ryanlopez@hunter-sheppard.com,Haiti
51,Jennifer Nelson,angel71@gmail.com,Guinea
52,James Johnson,fsimmons@stevens.com,Holy See (Vatican City State)
53,Kristen Combs,carrollmichelle@orozco.com,Ghana
54,Steven Jimenez,nlynch@gmail.com,Guyana
55,Melissa Hines,justin33@yahoo.com,Hong Kong
56,Brian Dougherty,hulldavid@ramirez-nelson.com,Belize
57,Kevin Smith,terri08@yahoo.com,Kenya
58,Jason Bray,michellebennett@carter.org,Iraq
59,Vanessa Maynard,chad08@moody-harris.com,Macedonia
60,Nicole Rivera,fgutierrez@brown.com,Burundi
61,Jesse Stephens,belltodd@hotmail.com,Kenya
62,Raymond Graham,dreynolds@yahoo.com,Hungary
63,Gabriel Ramos,millermaurice@hotmail.com,Gabon
64,Mark Ray,alvarezbrittany@hotmail.com,Korea
65,Andrew Brown,cclark@estrada.com,Hungary
66,Joshua Cook,bjones@johnson.net,Rwanda
67,Corey Fitzgerald,ejones@mccarty.info,Pakistan
68,Heather Archer,jonfreeman@gordon-franklin.info,Sri Lanka
69,Michael Brown,williamsjasmin@mccall.com,Monaco
70,Christopher Rodriguez,robin31@yahoo.com,Niger
71,Michael Cole,rcarter@james.com,Korea
72,Eric Calderon,ariasmelissa@mccullough.info,Japan
73,Terry Hamilton,peter50@mahoney.com,Kyrgyz Republic
74,Isaiah Wilson,phillipsjane@yahoo.com,Seychelles
75,Dawn Sellers,bmiller@yahoo.com,Switzerland
76,David Fernandez,rherrera@martinez.com,Hong Kong
77,Wendy Scott,michaelkelly@hotmail.com,Switzerland
78,Amy Lee,barrettmonique@young.net,Cameroon
79,Randy Sullivan,gainesfrank@yahoo.com,Armenia
80,William Lee,james77@dixon-jones.net,Faroe Islands
81,Christopher Lang,amy28@hotmail.com,Myanmar
82,Erica Mclean,ddavis@gmail.com,Jamaica
83,Margaret Jones,sgonzales@ramos.com,Oman
84,James Frank Jr.,wosborne@yahoo.com,United Kingdom
85,David Byrd,allenjoseph@parker.com,Martinique
86,Ryan Rivera,ponceanthony@gmail.com,Spain
87,Amy Owens,kingphilip@perry.com,Namibia
88,Mrs. Rachel Anderson,littlelori@yahoo.com,Maldives
89,Marcus Rose,hjones@yahoo.com,Afghanistan
90,Lauren Reyes,tiffanyrandall@hotmail.com,Barbados
91,James Greer,uhopkins@parsons.biz,Israel
92,Bryan Ortega,hrodgers@reynolds-oneill.com,Romania
93,Christopher Jones,yrodriguez@beasley.com,Sudan
94,Chris Ramirez,nelsonnathan@griffith-gray.biz,Turks and Caicos Islands
95,Tyler Lewis,wpatterson@gmail.com,Oman
96,Ruth Stevens,melissa36@hotmail.com,Senegal
97,Sharon Woodard,riveradustin@hotmail.com,United States of America
98,Michael Garcia,warrenamber@holder.com,Italy
99,Megan Robbins,jennifer68@gmail.com,Kiribati
100,Matthew Gordon,wcummings@sparks-kane.com,Malta
